<annotation>
	<folder>train_images</folder>
	<filename>0001.jpg</filename>
	<path>D:\新建文件夹\train_images\0001.jpg</path>
	<source>
		<database>Unknown</database>
	</source>
	<size>
		<width>640</width>
		<height>480</height>
		<depth>3</depth>
	</size>
	<segmented>0</segmented>
	<object>
		<name>Screw holes</name>
		<pose>Unspecified</pose>
		<truncated>0</truncated>
		<difficult>0</difficult>
		<bndbox>
			<xmin>163</xmin>
			<ymin>300</ymin>
			<xmax>178</xmax>
			<ymax>315</ymax>
		</bndbox>
	</object>
	<object>
		<name>Screw holes</name>
		<pose>Unspecified</pose>
		<truncated>0</truncated>
		<difficult>0</difficult>
		<bndbox>
			<xmin>224</xmin>
			<ymin>389</ymin>
			<xmax>246</xmax>
			<ymax>407</ymax>
		</bndbox>
	</object>
</annotation>
