<annotation>
	<folder>train_images</folder>
	<filename>0003.jpg</filename>
	<path>D:\新建文件夹\train_images\0003.jpg</path>
	<source>
		<database>Unknown</database>
	</source>
	<size>
		<width>640</width>
		<height>480</height>
		<depth>3</depth>
	</size>
	<segmented>0</segmented>
	<object>
		<name>Multimeter</name>
		<pose>Unspecified</pose>
		<truncated>0</truncated>
		<difficult>0</difficult>
		<bndbox>
			<xmin>152</xmin>
			<ymin>91</ymin>
			<xmax>502</xmax>
			<ymax>413</ymax>
		</bndbox>
	</object>
</annotation>
