<annotation>
	<folder>train_images</folder>
	<filename>0004.jpg</filename>
	<path>D:\新建文件夹\train_images\0004.jpg</path>
	<source>
		<database>Unknown</database>
	</source>
	<size>
		<width>640</width>
		<height>480</height>
		<depth>3</depth>
	</size>
	<segmented>0</segmented>
	<object>
		<name>Multimeter</name>
		<pose>Unspecified</pose>
		<truncated>0</truncated>
		<difficult>0</difficult>
		<bndbox>
			<xmin>150</xmin>
			<ymin>93</ymin>
			<xmax>510</xmax>
			<ymax>421</ymax>
		</bndbox>
	</object>
</annotation>
