<annotation>
	<folder>train_images</folder>
	<filename>0008.jpg</filename>
	<path>D:\新建文件夹\train_images\0008.jpg</path>
	<source>
		<database>Unknown</database>
	</source>
	<size>
		<width>640</width>
		<height>480</height>
		<depth>3</depth>
	</size>
	<segmented>0</segmented>
	<object>
		<name>Multimeter</name>
		<pose>Unspecified</pose>
		<truncated>0</truncated>
		<difficult>0</difficult>
		<bndbox>
			<xmin>165</xmin>
			<ymin>107</ymin>
			<xmax>501</xmax>
			<ymax>418</ymax>
		</bndbox>
	</object>
</annotation>
