<annotation>
	<folder>train_images</folder>
	<filename>0013.jpg</filename>
	<path>D:\新建文件夹\train_images\0013.jpg</path>
	<source>
		<database>Unknown</database>
	</source>
	<size>
		<width>640</width>
		<height>480</height>
		<depth>3</depth>
	</size>
	<segmented>0</segmented>
	<object>
		<name>Multimeter</name>
		<pose>Unspecified</pose>
		<truncated>0</truncated>
		<difficult>0</difficult>
		<bndbox>
			<xmin>154</xmin>
			<ymin>98</ymin>
			<xmax>505</xmax>
			<ymax>421</ymax>
		</bndbox>
	</object>
	<object>
		<name>Screw holes</name>
		<pose>Unspecified</pose>
		<truncated>0</truncated>
		<difficult>0</difficult>
		<bndbox>
			<xmin>164</xmin>
			<ymin>306</ymin>
			<xmax>183</xmax>
			<ymax>321</ymax>
		</bndbox>
	</object>
	<object>
		<name>Screw holes</name>
		<pose>Unspecified</pose>
		<truncated>0</truncated>
		<difficult>0</difficult>
		<bndbox>
			<xmin>228</xmin>
			<ymin>394</ymin>
			<xmax>246</xmax>
			<ymax>410</ymax>
		</bndbox>
	</object>
</annotation>
