<annotation>
	<folder>train_images</folder>
	<filename>0014.jpg</filename>
	<path>D:\新建文件夹\train_images\0014.jpg</path>
	<source>
		<database>Unknown</database>
	</source>
	<size>
		<width>640</width>
		<height>480</height>
		<depth>3</depth>
	</size>
	<segmented>0</segmented>
	<object>
		<name>Multimeter</name>
		<pose>Unspecified</pose>
		<truncated>0</truncated>
		<difficult>0</difficult>
		<bndbox>
			<xmin>142</xmin>
			<ymin>85</ymin>
			<xmax>498</xmax>
			<ymax>417</ymax>
		</bndbox>
	</object>
	<object>
		<name>Screw holes</name>
		<pose>Unspecified</pose>
		<truncated>0</truncated>
		<difficult>0</difficult>
		<bndbox>
			<xmin>148</xmin>
			<ymin>292</ymin>
			<xmax>168</xmax>
			<ymax>311</ymax>
		</bndbox>
	</object>
	<object>
		<name>Screw holes</name>
		<pose>Unspecified</pose>
		<truncated>0</truncated>
		<difficult>0</difficult>
		<bndbox>
			<xmin>216</xmin>
			<ymin>386</ymin>
			<xmax>232</xmax>
			<ymax>404</ymax>
		</bndbox>
	</object>
</annotation>
