<annotation>
	<folder>train_images</folder>
	<filename>0016.jpg</filename>
	<path>D:\新建文件夹\train_images\0016.jpg</path>
	<source>
		<database>Unknown</database>
	</source>
	<size>
		<width>640</width>
		<height>480</height>
		<depth>3</depth>
	</size>
	<segmented>0</segmented>
	<object>
		<name>Multimeter</name>
		<pose>Unspecified</pose>
		<truncated>0</truncated>
		<difficult>0</difficult>
		<bndbox>
			<xmin>147</xmin>
			<ymin>92</ymin>
			<xmax>504</xmax>
			<ymax>419</ymax>
		</bndbox>
	</object>
	<object>
		<name>Screw holes</name>
		<pose>Unspecified</pose>
		<truncated>0</truncated>
		<difficult>0</difficult>
		<bndbox>
			<xmin>155</xmin>
			<ymin>301</ymin>
			<xmax>176</xmax>
			<ymax>315</ymax>
		</bndbox>
	</object>
	<object>
		<name>Screw holes</name>
		<pose>Unspecified</pose>
		<truncated>0</truncated>
		<difficult>0</difficult>
		<bndbox>
			<xmin>222</xmin>
			<ymin>388</ymin>
			<xmax>238</xmax>
			<ymax>406</ymax>
		</bndbox>
	</object>
</annotation>
