<annotation>
	<folder>train_images</folder>
	<filename>0017.jpg</filename>
	<path>D:\新建文件夹\train_images\0017.jpg</path>
	<source>
		<database>Unknown</database>
	</source>
	<size>
		<width>640</width>
		<height>480</height>
		<depth>3</depth>
	</size>
	<segmented>0</segmented>
	<object>
		<name>Screw holes</name>
		<pose>Unspecified</pose>
		<truncated>0</truncated>
		<difficult>0</difficult>
		<bndbox>
			<xmin>169</xmin>
			<ymin>310</ymin>
			<xmax>192</xmax>
			<ymax>330</ymax>
		</bndbox>
	</object>
	<object>
		<name>Multimeter</name>
		<pose>Unspecified</pose>
		<truncated>0</truncated>
		<difficult>0</difficult>
		<bndbox>
			<xmin>158</xmin>
			<ymin>57</ymin>
			<xmax>589</xmax>
			<ymax>420</ymax>
		</bndbox>
	</object>
</annotation>
