<annotation>
	<folder>train_images</folder>
	<filename>0018.jpg</filename>
	<path>D:\新建文件夹\train_images\0018.jpg</path>
	<source>
		<database>Unknown</database>
	</source>
	<size>
		<width>640</width>
		<height>480</height>
		<depth>3</depth>
	</size>
	<segmented>0</segmented>
	<object>
		<name>Multimeter</name>
		<pose>Unspecified</pose>
		<truncated>0</truncated>
		<difficult>0</difficult>
		<bndbox>
			<xmin>270</xmin>
			<ymin>110</ymin>
			<xmax>464</xmax>
			<ymax>420</ymax>
		</bndbox>
	</object>
	<object>
		<name>Screw holes</name>
		<pose>Unspecified</pose>
		<truncated>0</truncated>
		<difficult>0</difficult>
		<bndbox>
			<xmin>330</xmin>
			<ymin>122</ymin>
			<xmax>345</xmax>
			<ymax>137</ymax>
		</bndbox>
	</object>
	<object>
		<name>Screw holes</name>
		<pose>Unspecified</pose>
		<truncated>0</truncated>
		<difficult>0</difficult>
		<bndbox>
			<xmin>428</xmin>
			<ymin>128</ymin>
			<xmax>450</xmax>
			<ymax>146</ymax>
		</bndbox>
	</object>
</annotation>
