<annotation>
	<folder>train_images</folder>
	<filename>0019.jpg</filename>
	<path>D:\新建文件夹\train_images\0019.jpg</path>
	<source>
		<database>Unknown</database>
	</source>
	<size>
		<width>640</width>
		<height>480</height>
		<depth>3</depth>
	</size>
	<segmented>0</segmented>
	<object>
		<name>Multimeter</name>
		<pose>Unspecified</pose>
		<truncated>0</truncated>
		<difficult>0</difficult>
		<bndbox>
			<xmin>171</xmin>
			<ymin>109</ymin>
			<xmax>516</xmax>
			<ymax>421</ymax>
		</bndbox>
	</object>
	<object>
		<name>Screw holes</name>
		<pose>Unspecified</pose>
		<truncated>0</truncated>
		<difficult>0</difficult>
		<bndbox>
			<xmin>183</xmin>
			<ymin>332</ymin>
			<xmax>200</xmax>
			<ymax>347</ymax>
		</bndbox>
	</object>
</annotation>
