<annotation>
	<folder>train_images</folder>
	<filename>0021.jpg</filename>
	<path>D:\新建文件夹\train_images\0021.jpg</path>
	<source>
		<database>Unknown</database>
	</source>
	<size>
		<width>640</width>
		<height>480</height>
		<depth>3</depth>
	</size>
	<segmented>0</segmented>
	<object>
		<name>Multimeter</name>
		<pose>Unspecified</pose>
		<truncated>0</truncated>
		<difficult>0</difficult>
		<bndbox>
			<xmin>197</xmin>
			<ymin>98</ymin>
			<xmax>523</xmax>
			<ymax>380</ymax>
		</bndbox>
	</object>
	<object>
		<name>Screw holes</name>
		<pose>Unspecified</pose>
		<truncated>0</truncated>
		<difficult>0</difficult>
		<bndbox>
			<xmin>206</xmin>
			<ymin>268</ymin>
			<xmax>219</xmax>
			<ymax>282</ymax>
		</bndbox>
	</object>
	<object>
		<name>Screw holes</name>
		<pose>Unspecified</pose>
		<truncated>0</truncated>
		<difficult>0</difficult>
		<bndbox>
			<xmin>255</xmin>
			<ymin>353</ymin>
			<xmax>271</xmax>
			<ymax>367</ymax>
		</bndbox>
	</object>
</annotation>
