<annotation>
	<folder>train_images</folder>
	<filename>0022.jpg</filename>
	<path>D:\新建文件夹\train_images\0022.jpg</path>
	<source>
		<database>Unknown</database>
	</source>
	<size>
		<width>640</width>
		<height>480</height>
		<depth>3</depth>
	</size>
	<segmented>0</segmented>
	<object>
		<name>Multimeter</name>
		<pose>Unspecified</pose>
		<truncated>0</truncated>
		<difficult>0</difficult>
		<bndbox>
			<xmin>205</xmin>
			<ymin>102</ymin>
			<xmax>534</xmax>
			<ymax>389</ymax>
		</bndbox>
	</object>
	<object>
		<name>Screw holes</name>
		<pose>Unspecified</pose>
		<truncated>0</truncated>
		<difficult>0</difficult>
		<bndbox>
			<xmin>214</xmin>
			<ymin>277</ymin>
			<xmax>228</xmax>
			<ymax>292</ymax>
		</bndbox>
	</object>
	<object>
		<name>Screw holes</name>
		<pose>Unspecified</pose>
		<truncated>0</truncated>
		<difficult>0</difficult>
		<bndbox>
			<xmin>267</xmin>
			<ymin>362</ymin>
			<xmax>281</xmax>
			<ymax>376</ymax>
		</bndbox>
	</object>
</annotation>
