<annotation>
	<folder>train_images</folder>
	<filename>0024.jpg</filename>
	<path>D:\新建文件夹\train_images\0024.jpg</path>
	<source>
		<database>Unknown</database>
	</source>
	<size>
		<width>640</width>
		<height>480</height>
		<depth>3</depth>
	</size>
	<segmented>0</segmented>
	<object>
		<name>Multimeter</name>
		<pose>Unspecified</pose>
		<truncated>0</truncated>
		<difficult>0</difficult>
		<bndbox>
			<xmin>143</xmin>
			<ymin>96</ymin>
			<xmax>508</xmax>
			<ymax>422</ymax>
		</bndbox>
	</object>
	<object>
		<name>Screw holes</name>
		<pose>Unspecified</pose>
		<truncated>0</truncated>
		<difficult>0</difficult>
		<bndbox>
			<xmin>153</xmin>
			<ymin>354</ymin>
			<xmax>170</xmax>
			<ymax>368</ymax>
		</bndbox>
	</object>
</annotation>
