<annotation>
	<folder>train_images</folder>
	<filename>0028.jpg</filename>
	<path>D:\新建文件夹\train_images\0028.jpg</path>
	<source>
		<database>Unknown</database>
	</source>
	<size>
		<width>640</width>
		<height>480</height>
		<depth>3</depth>
	</size>
	<segmented>0</segmented>
	<object>
		<name>Multimeter</name>
		<pose>Unspecified</pose>
		<truncated>0</truncated>
		<difficult>0</difficult>
		<bndbox>
			<xmin>199</xmin>
			<ymin>95</ymin>
			<xmax>530</xmax>
			<ymax>380</ymax>
		</bndbox>
	</object>
	<object>
		<name>Screw holes</name>
		<pose>Unspecified</pose>
		<truncated>0</truncated>
		<difficult>0</difficult>
		<bndbox>
			<xmin>206</xmin>
			<ymin>265</ymin>
			<xmax>222</xmax>
			<ymax>281</ymax>
		</bndbox>
	</object>
	<object>
		<name>Screw holes</name>
		<pose>Unspecified</pose>
		<truncated>0</truncated>
		<difficult>0</difficult>
		<bndbox>
			<xmin>260</xmin>
			<ymin>351</ymin>
			<xmax>275</xmax>
			<ymax>367</ymax>
		</bndbox>
	</object>
</annotation>
