<annotation>
	<folder>train_images</folder>
	<filename>0029.jpg</filename>
	<path>D:\新建文件夹\train_images\0029.jpg</path>
	<source>
		<database>Unknown</database>
	</source>
	<size>
		<width>640</width>
		<height>480</height>
		<depth>3</depth>
	</size>
	<segmented>0</segmented>
	<object>
		<name>Multimeter</name>
		<pose>Unspecified</pose>
		<truncated>0</truncated>
		<difficult>0</difficult>
		<bndbox>
			<xmin>151</xmin>
			<ymin>134</ymin>
			<xmax>518</xmax>
			<ymax>421</ymax>
		</bndbox>
	</object>
	<object>
		<name>Screw holes</name>
		<pose>Unspecified</pose>
		<truncated>0</truncated>
		<difficult>0</difficult>
		<bndbox>
			<xmin>160</xmin>
			<ymin>376</ymin>
			<xmax>181</xmax>
			<ymax>395</ymax>
		</bndbox>
	</object>
</annotation>
