<annotation>
	<folder>train_images</folder>
	<filename>0031.jpg</filename>
	<path>D:\新建文件夹\train_images\0031.jpg</path>
	<source>
		<database>Unknown</database>
	</source>
	<size>
		<width>640</width>
		<height>480</height>
		<depth>3</depth>
	</size>
	<segmented>0</segmented>
	<object>
		<name>Multimeter</name>
		<pose>Unspecified</pose>
		<truncated>0</truncated>
		<difficult>0</difficult>
		<bndbox>
			<xmin>143</xmin>
			<ymin>72</ymin>
			<xmax>499</xmax>
			<ymax>401</ymax>
		</bndbox>
	</object>
	<object>
		<name>Screw holes</name>
		<pose>Unspecified</pose>
		<truncated>0</truncated>
		<difficult>0</difficult>
		<bndbox>
			<xmin>151</xmin>
			<ymin>281</ymin>
			<xmax>167</xmax>
			<ymax>297</ymax>
		</bndbox>
	</object>
	<object>
		<name>Screw holes</name>
		<pose>Unspecified</pose>
		<truncated>0</truncated>
		<difficult>0</difficult>
		<bndbox>
			<xmin>215</xmin>
			<ymin>370</ymin>
			<xmax>232</xmax>
			<ymax>386</ymax>
		</bndbox>
	</object>
</annotation>
