<annotation>
	<folder>train_images</folder>
	<filename>0032.jpg</filename>
	<path>D:\新建文件夹\train_images\0032.jpg</path>
	<source>
		<database>Unknown</database>
	</source>
	<size>
		<width>640</width>
		<height>480</height>
		<depth>3</depth>
	</size>
	<segmented>0</segmented>
	<object>
		<name>Multimeter</name>
		<pose>Unspecified</pose>
		<truncated>0</truncated>
		<difficult>0</difficult>
		<bndbox>
			<xmin>160</xmin>
			<ymin>68</ymin>
			<xmax>504</xmax>
			<ymax>382</ymax>
		</bndbox>
	</object>
	<object>
		<name>Screw holes</name>
		<pose>Unspecified</pose>
		<truncated>0</truncated>
		<difficult>0</difficult>
		<bndbox>
			<xmin>170</xmin>
			<ymin>265</ymin>
			<xmax>185</xmax>
			<ymax>282</ymax>
		</bndbox>
	</object>
	<object>
		<name>Screw holes</name>
		<pose>Unspecified</pose>
		<truncated>0</truncated>
		<difficult>0</difficult>
		<bndbox>
			<xmin>229</xmin>
			<ymin>354</ymin>
			<xmax>247</xmax>
			<ymax>370</ymax>
		</bndbox>
	</object>
</annotation>
