<annotation>
	<folder>train_images</folder>
	<filename>0033.jpg</filename>
	<path>D:\新建文件夹\train_images\0033.jpg</path>
	<source>
		<database>Unknown</database>
	</source>
	<size>
		<width>640</width>
		<height>480</height>
		<depth>3</depth>
	</size>
	<segmented>0</segmented>
	<object>
		<name>Multimeter</name>
		<pose>Unspecified</pose>
		<truncated>0</truncated>
		<difficult>0</difficult>
		<bndbox>
			<xmin>150</xmin>
			<ymin>85</ymin>
			<xmax>509</xmax>
			<ymax>413</ymax>
		</bndbox>
	</object>
	<object>
		<name>Screw holes</name>
		<pose>Unspecified</pose>
		<truncated>0</truncated>
		<difficult>0</difficult>
		<bndbox>
			<xmin>160</xmin>
			<ymin>295</ymin>
			<xmax>177</xmax>
			<ymax>310</ymax>
		</bndbox>
	</object>
	<object>
		<name>Screw holes</name>
		<pose>Unspecified</pose>
		<truncated>0</truncated>
		<difficult>0</difficult>
		<bndbox>
			<xmin>225</xmin>
			<ymin>385</ymin>
			<xmax>244</xmax>
			<ymax>402</ymax>
		</bndbox>
	</object>
</annotation>
