<annotation>
	<folder>train_images</folder>
	<filename>0038.jpg</filename>
	<path>D:\新建文件夹\train_images\0038.jpg</path>
	<source>
		<database>Unknown</database>
	</source>
	<size>
		<width>640</width>
		<height>480</height>
		<depth>3</depth>
	</size>
	<segmented>0</segmented>
	<object>
		<name>Multimeter</name>
		<pose>Unspecified</pose>
		<truncated>0</truncated>
		<difficult>0</difficult>
		<bndbox>
			<xmin>202</xmin>
			<ymin>75</ymin>
			<xmax>582</xmax>
			<ymax>418</ymax>
		</bndbox>
	</object>
	<object>
		<name>Screw holes</name>
		<pose>Unspecified</pose>
		<truncated>0</truncated>
		<difficult>0</difficult>
		<bndbox>
			<xmin>214</xmin>
			<ymin>328</ymin>
			<xmax>230</xmax>
			<ymax>345</ymax>
		</bndbox>
	</object>
</annotation>
