<annotation>
	<folder>train_images</folder>
	<filename>0041.jpg</filename>
	<path>D:\新建文件夹\train_images\0041.jpg</path>
	<source>
		<database>Unknown</database>
	</source>
	<size>
		<width>640</width>
		<height>480</height>
		<depth>3</depth>
	</size>
	<segmented>0</segmented>
	<object>
		<name>Multimeter</name>
		<pose>Unspecified</pose>
		<truncated>0</truncated>
		<difficult>0</difficult>
		<bndbox>
			<xmin>200</xmin>
			<ymin>92</ymin>
			<xmax>538</xmax>
			<ymax>373</ymax>
		</bndbox>
	</object>
	<object>
		<name>Screw holes</name>
		<pose>Unspecified</pose>
		<truncated>0</truncated>
		<difficult>0</difficult>
		<bndbox>
			<xmin>209</xmin>
			<ymin>254</ymin>
			<xmax>224</xmax>
			<ymax>268</ymax>
		</bndbox>
	</object>
	<object>
		<name>Screw holes</name>
		<pose>Unspecified</pose>
		<truncated>0</truncated>
		<difficult>0</difficult>
		<bndbox>
			<xmin>256</xmin>
			<ymin>343</ymin>
			<xmax>275</xmax>
			<ymax>360</ymax>
		</bndbox>
	</object>
</annotation>
