<annotation>
	<folder>train_images</folder>
	<filename>0044.jpg</filename>
	<path>D:\新建文件夹\train_images\0044.jpg</path>
	<source>
		<database>Unknown</database>
	</source>
	<size>
		<width>640</width>
		<height>480</height>
		<depth>3</depth>
	</size>
	<segmented>0</segmented>
	<object>
		<name>Multimeter</name>
		<pose>Unspecified</pose>
		<truncated>0</truncated>
		<difficult>0</difficult>
		<bndbox>
			<xmin>202</xmin>
			<ymin>99</ymin>
			<xmax>533</xmax>
			<ymax>389</ymax>
		</bndbox>
	</object>
	<object>
		<name>Screw holes</name>
		<pose>Unspecified</pose>
		<truncated>0</truncated>
		<difficult>0</difficult>
		<bndbox>
			<xmin>214</xmin>
			<ymin>272</ymin>
			<xmax>229</xmax>
			<ymax>288</ymax>
		</bndbox>
	</object>
	<object>
		<name>Screw holes</name>
		<pose>Unspecified</pose>
		<truncated>0</truncated>
		<difficult>0</difficult>
		<bndbox>
			<xmin>263</xmin>
			<ymin>358</ymin>
			<xmax>283</xmax>
			<ymax>374</ymax>
		</bndbox>
	</object>
</annotation>
