<annotation>
	<folder>train_images</folder>
	<filename>0045.jpg</filename>
	<path>D:\新建文件夹\train_images\0045.jpg</path>
	<source>
		<database>Unknown</database>
	</source>
	<size>
		<width>640</width>
		<height>480</height>
		<depth>3</depth>
	</size>
	<segmented>0</segmented>
	<object>
		<name>Multimeter</name>
		<pose>Unspecified</pose>
		<truncated>0</truncated>
		<difficult>0</difficult>
		<bndbox>
			<xmin>197</xmin>
			<ymin>102</ymin>
			<xmax>538</xmax>
			<ymax>396</ymax>
		</bndbox>
	</object>
	<object>
		<name>Screw holes</name>
		<pose>Unspecified</pose>
		<truncated>0</truncated>
		<difficult>0</difficult>
		<bndbox>
			<xmin>207</xmin>
			<ymin>281</ymin>
			<xmax>223</xmax>
			<ymax>295</ymax>
		</bndbox>
	</object>
	<object>
		<name>Screw holes</name>
		<pose>Unspecified</pose>
		<truncated>0</truncated>
		<difficult>0</difficult>
		<bndbox>
			<xmin>261</xmin>
			<ymin>369</ymin>
			<xmax>280</xmax>
			<ymax>385</ymax>
		</bndbox>
	</object>
</annotation>
