<annotation>
	<folder>train_images</folder>
	<filename>0047.jpg</filename>
	<path>D:\新建文件夹\train_images\0047.jpg</path>
	<source>
		<database>Unknown</database>
	</source>
	<size>
		<width>640</width>
		<height>480</height>
		<depth>3</depth>
	</size>
	<segmented>0</segmented>
	<object>
		<name>Multimeter</name>
		<pose>Unspecified</pose>
		<truncated>0</truncated>
		<difficult>0</difficult>
		<bndbox>
			<xmin>196</xmin>
			<ymin>96</ymin>
			<xmax>528</xmax>
			<ymax>387</ymax>
		</bndbox>
	</object>
	<object>
		<name>Screw holes</name>
		<pose>Unspecified</pose>
		<truncated>0</truncated>
		<difficult>0</difficult>
		<bndbox>
			<xmin>205</xmin>
			<ymin>273</ymin>
			<xmax>220</xmax>
			<ymax>288</ymax>
		</bndbox>
	</object>
	<object>
		<name>Screw holes</name>
		<pose>Unspecified</pose>
		<truncated>0</truncated>
		<difficult>0</difficult>
		<bndbox>
			<xmin>258</xmin>
			<ymin>360</ymin>
			<xmax>274</xmax>
			<ymax>375</ymax>
		</bndbox>
	</object>
</annotation>
