<annotation>
	<folder>train_images</folder>
	<filename>0048.jpg</filename>
	<path>D:\新建文件夹\train_images\0048.jpg</path>
	<source>
		<database>Unknown</database>
	</source>
	<size>
		<width>640</width>
		<height>480</height>
		<depth>3</depth>
	</size>
	<segmented>0</segmented>
	<object>
		<name>Multimeter</name>
		<pose>Unspecified</pose>
		<truncated>0</truncated>
		<difficult>0</difficult>
		<bndbox>
			<xmin>248</xmin>
			<ymin>100</ymin>
			<xmax>438</xmax>
			<ymax>421</ymax>
		</bndbox>
	</object>
	<object>
		<name>Screw holes</name>
		<pose>Unspecified</pose>
		<truncated>0</truncated>
		<difficult>0</difficult>
		<bndbox>
			<xmin>296</xmin>
			<ymin>120</ymin>
			<xmax>312</xmax>
			<ymax>131</ymax>
		</bndbox>
	</object>
	<object>
		<name>Screw holes</name>
		<pose>Unspecified</pose>
		<truncated>0</truncated>
		<difficult>0</difficult>
		<bndbox>
			<xmin>396</xmin>
			<ymin>124</ymin>
			<xmax>412</xmax>
			<ymax>137</ymax>
		</bndbox>
	</object>
</annotation>
