<annotation>
	<folder>train_images</folder>
	<filename>0049.jpg</filename>
	<path>D:\新建文件夹\train_images\0049.jpg</path>
	<source>
		<database>Unknown</database>
	</source>
	<size>
		<width>640</width>
		<height>480</height>
		<depth>3</depth>
	</size>
	<segmented>0</segmented>
	<object>
		<name>Multimeter</name>
		<pose>Unspecified</pose>
		<truncated>0</truncated>
		<difficult>0</difficult>
		<bndbox>
			<xmin>232</xmin>
			<ymin>75</ymin>
			<xmax>459</xmax>
			<ymax>420</ymax>
		</bndbox>
	</object>
	<object>
		<name>Screw holes</name>
		<pose>Unspecified</pose>
		<truncated>0</truncated>
		<difficult>0</difficult>
		<bndbox>
			<xmin>304</xmin>
			<ymin>89</ymin>
			<xmax>323</xmax>
			<ymax>105</ymax>
		</bndbox>
	</object>
	<object>
		<name>Screw holes</name>
		<pose>Unspecified</pose>
		<truncated>0</truncated>
		<difficult>0</difficult>
		<bndbox>
			<xmin>414</xmin>
			<ymin>100</ymin>
			<xmax>430</xmax>
			<ymax>114</ymax>
		</bndbox>
	</object>
</annotation>
