<annotation>
	<folder>train_images</folder>
	<filename>0050.jpg</filename>
	<path>D:\新建文件夹\train_images\0050.jpg</path>
	<source>
		<database>Unknown</database>
	</source>
	<size>
		<width>640</width>
		<height>480</height>
		<depth>3</depth>
	</size>
	<segmented>0</segmented>
	<object>
		<name>Multimeter</name>
		<pose>Unspecified</pose>
		<truncated>0</truncated>
		<difficult>0</difficult>
		<bndbox>
			<xmin>252</xmin>
			<ymin>88</ymin>
			<xmax>460</xmax>
			<ymax>420</ymax>
		</bndbox>
	</object>
	<object>
		<name>Screw holes</name>
		<pose>Unspecified</pose>
		<truncated>0</truncated>
		<difficult>0</difficult>
		<bndbox>
			<xmin>318</xmin>
			<ymin>103</ymin>
			<xmax>334</xmax>
			<ymax>117</ymax>
		</bndbox>
	</object>
	<object>
		<name>Screw holes</name>
		<pose>Unspecified</pose>
		<truncated>0</truncated>
		<difficult>0</difficult>
		<bndbox>
			<xmin>420</xmin>
			<ymin>111</ymin>
			<xmax>436</xmax>
			<ymax>128</ymax>
		</bndbox>
	</object>
</annotation>
