<annotation>
	<folder>train_images</folder>
	<filename>0052.jpg</filename>
	<path>D:\新建文件夹\train_images\0052.jpg</path>
	<source>
		<database>Unknown</database>
	</source>
	<size>
		<width>640</width>
		<height>480</height>
		<depth>3</depth>
	</size>
	<segmented>0</segmented>
	<object>
		<name>Multimeter</name>
		<pose>Unspecified</pose>
		<truncated>0</truncated>
		<difficult>0</difficult>
		<bndbox>
			<xmin>153</xmin>
			<ymin>206</ymin>
			<xmax>408</xmax>
			<ymax>418</ymax>
		</bndbox>
	</object>
	<object>
		<name>Screw holes</name>
		<pose>Unspecified</pose>
		<truncated>0</truncated>
		<difficult>0</difficult>
		<bndbox>
			<xmin>206</xmin>
			<ymin>220</ymin>
			<xmax>219</xmax>
			<ymax>236</ymax>
		</bndbox>
	</object>
	<object>
		<name>Screw holes</name>
		<pose>Unspecified</pose>
		<truncated>0</truncated>
		<difficult>0</difficult>
		<bndbox>
			<xmin>160</xmin>
			<ymin>286</ymin>
			<xmax>172</xmax>
			<ymax>299</ymax>
		</bndbox>
	</object>
</annotation>
