<annotation>
	<folder>train_images</folder>
	<filename>0054.jpg</filename>
	<path>D:\新建文件夹\train_images\0054.jpg</path>
	<source>
		<database>Unknown</database>
	</source>
	<size>
		<width>640</width>
		<height>480</height>
		<depth>3</depth>
	</size>
	<segmented>0</segmented>
	<object>
		<name>Screw holes</name>
		<pose>Unspecified</pose>
		<truncated>0</truncated>
		<difficult>0</difficult>
		<bndbox>
			<xmin>336</xmin>
			<ymin>260</ymin>
			<xmax>349</xmax>
			<ymax>272</ymax>
		</bndbox>
	</object>
	<object>
		<name>Screw holes</name>
		<pose>Unspecified</pose>
		<truncated>0</truncated>
		<difficult>0</difficult>
		<bndbox>
			<xmin>430</xmin>
			<ymin>239</ymin>
			<xmax>452</xmax>
			<ymax>254</ymax>
		</bndbox>
	</object>
</annotation>
