<annotation>
	<folder>train_images</folder>
	<filename>0056.jpg</filename>
	<path>D:\新建文件夹\train_images\0056.jpg</path>
	<source>
		<database>Unknown</database>
	</source>
	<size>
		<width>640</width>
		<height>480</height>
		<depth>3</depth>
	</size>
	<segmented>0</segmented>
	<object>
		<name>Multimeter</name>
		<pose>Unspecified</pose>
		<truncated>0</truncated>
		<difficult>0</difficult>
		<bndbox>
			<xmin>121</xmin>
			<ymin>58</ymin>
			<xmax>304</xmax>
			<ymax>376</ymax>
		</bndbox>
	</object>
	<object>
		<name>Screw holes</name>
		<pose>Unspecified</pose>
		<truncated>0</truncated>
		<difficult>0</difficult>
		<bndbox>
			<xmin>140</xmin>
			<ymin>81</ymin>
			<xmax>156</xmax>
			<ymax>95</ymax>
		</bndbox>
	</object>
	<object>
		<name>Screw holes</name>
		<pose>Unspecified</pose>
		<truncated>0</truncated>
		<difficult>0</difficult>
		<bndbox>
			<xmin>242</xmin>
			<ymin>74</ymin>
			<xmax>259</xmax>
			<ymax>93</ymax>
		</bndbox>
	</object>
</annotation>
