<annotation>
	<folder>train_images</folder>
	<filename>0057.jpg</filename>
	<path>D:\新建文件夹\train_images\0057.jpg</path>
	<source>
		<database>Unknown</database>
	</source>
	<size>
		<width>640</width>
		<height>480</height>
		<depth>3</depth>
	</size>
	<segmented>0</segmented>
	<object>
		<name>Multimeter</name>
		<pose>Unspecified</pose>
		<truncated>0</truncated>
		<difficult>0</difficult>
		<bndbox>
			<xmin>291</xmin>
			<ymin>135</ymin>
			<xmax>454</xmax>
			<ymax>416</ymax>
		</bndbox>
	</object>
	<object>
		<name>Screw holes</name>
		<pose>Unspecified</pose>
		<truncated>0</truncated>
		<difficult>0</difficult>
		<bndbox>
			<xmin>316</xmin>
			<ymin>154</ymin>
			<xmax>329</xmax>
			<ymax>169</ymax>
		</bndbox>
	</object>
	<object>
		<name>Screw holes</name>
		<pose>Unspecified</pose>
		<truncated>0</truncated>
		<difficult>0</difficult>
		<bndbox>
			<xmin>402</xmin>
			<ymin>152</ymin>
			<xmax>414</xmax>
			<ymax>165</ymax>
		</bndbox>
	</object>
</annotation>
