<annotation>
	<folder>train_images</folder>
	<filename>0058.jpg</filename>
	<path>D:\新建文件夹\train_images\0058.jpg</path>
	<source>
		<database>Unknown</database>
	</source>
	<size>
		<width>640</width>
		<height>480</height>
		<depth>3</depth>
	</size>
	<segmented>0</segmented>
	<object>
		<name>Multimeter</name>
		<pose>Unspecified</pose>
		<truncated>0</truncated>
		<difficult>0</difficult>
		<bndbox>
			<xmin>280</xmin>
			<ymin>122</ymin>
			<xmax>452</xmax>
			<ymax>418</ymax>
		</bndbox>
	</object>
	<object>
		<name>Screw holes</name>
		<pose>Unspecified</pose>
		<truncated>0</truncated>
		<difficult>0</difficult>
		<bndbox>
			<xmin>302</xmin>
			<ymin>144</ymin>
			<xmax>319</xmax>
			<ymax>161</ymax>
		</bndbox>
	</object>
	<object>
		<name>Screw holes</name>
		<pose>Unspecified</pose>
		<truncated>0</truncated>
		<difficult>0</difficult>
		<bndbox>
			<xmin>394</xmin>
			<ymin>139</ymin>
			<xmax>410</xmax>
			<ymax>154</ymax>
		</bndbox>
	</object>
</annotation>
