<annotation>
	<folder>train_images</folder>
	<filename>0061.jpg</filename>
	<path>D:\新建文件夹\train_images\0061.jpg</path>
	<source>
		<database>Unknown</database>
	</source>
	<size>
		<width>640</width>
		<height>480</height>
		<depth>3</depth>
	</size>
	<segmented>0</segmented>
	<object>
		<name>Screw holes</name>
		<pose>Unspecified</pose>
		<truncated>0</truncated>
		<difficult>0</difficult>
		<bndbox>
			<xmin>207</xmin>
			<ymin>311</ymin>
			<xmax>243</xmax>
			<ymax>345</ymax>
		</bndbox>
	</object>
	<object>
		<name>Screw holes</name>
		<pose>Unspecified</pose>
		<truncated>0</truncated>
		<difficult>0</difficult>
		<bndbox>
			<xmin>431</xmin>
			<ymin>287</ymin>
			<xmax>470</xmax>
			<ymax>322</ymax>
		</bndbox>
	</object>
</annotation>
