<annotation>
	<folder>train_images</folder>
	<filename>0062.jpg</filename>
	<path>D:\新建文件夹\train_images\0062.jpg</path>
	<source>
		<database>Unknown</database>
	</source>
	<size>
		<width>640</width>
		<height>480</height>
		<depth>3</depth>
	</size>
	<segmented>0</segmented>
	<object>
		<name>Screw holes</name>
		<pose>Unspecified</pose>
		<truncated>0</truncated>
		<difficult>0</difficult>
		<bndbox>
			<xmin>198</xmin>
			<ymin>331</ymin>
			<xmax>235</xmax>
			<ymax>364</ymax>
		</bndbox>
	</object>
	<object>
		<name>Screw holes</name>
		<pose>Unspecified</pose>
		<truncated>0</truncated>
		<difficult>0</difficult>
		<bndbox>
			<xmin>434</xmin>
			<ymin>302</ymin>
			<xmax>474</xmax>
			<ymax>340</ymax>
		</bndbox>
	</object>
</annotation>
