<annotation>
	<folder>train_images</folder>
	<filename>0063.jpg</filename>
	<path>D:\新建文件夹\train_images\0063.jpg</path>
	<source>
		<database>Unknown</database>
	</source>
	<size>
		<width>640</width>
		<height>480</height>
		<depth>3</depth>
	</size>
	<segmented>0</segmented>
	<object>
		<name>Screw holes</name>
		<pose>Unspecified</pose>
		<truncated>0</truncated>
		<difficult>0</difficult>
		<bndbox>
			<xmin>168</xmin>
			<ymin>343</ymin>
			<xmax>204</xmax>
			<ymax>371</ymax>
		</bndbox>
	</object>
	<object>
		<name>Screw holes</name>
		<pose>Unspecified</pose>
		<truncated>0</truncated>
		<difficult>0</difficult>
		<bndbox>
			<xmin>390</xmin>
			<ymin>319</ymin>
			<xmax>428</xmax>
			<ymax>354</ymax>
		</bndbox>
	</object>
</annotation>
