<annotation>
	<folder>train_images</folder>
	<filename>0064.jpg</filename>
	<path>D:\新建文件夹\train_images\0064.jpg</path>
	<source>
		<database>Unknown</database>
	</source>
	<size>
		<width>640</width>
		<height>480</height>
		<depth>3</depth>
	</size>
	<segmented>0</segmented>
	<object>
		<name>Screw holes</name>
		<pose>Unspecified</pose>
		<truncated>0</truncated>
		<difficult>0</difficult>
		<bndbox>
			<xmin>100</xmin>
			<ymin>341</ymin>
			<xmax>138</xmax>
			<ymax>370</ymax>
		</bndbox>
	</object>
	<object>
		<name>Screw holes</name>
		<pose>Unspecified</pose>
		<truncated>0</truncated>
		<difficult>0</difficult>
		<bndbox>
			<xmin>331</xmin>
			<ymin>314</ymin>
			<xmax>375</xmax>
			<ymax>351</ymax>
		</bndbox>
	</object>
</annotation>
