<annotation>
	<folder>train_images</folder>
	<filename>0065.jpg</filename>
	<path>D:\新建文件夹\train_images\0065.jpg</path>
	<source>
		<database>Unknown</database>
	</source>
	<size>
		<width>640</width>
		<height>480</height>
		<depth>3</depth>
	</size>
	<segmented>0</segmented>
	<object>
		<name>Screw holes</name>
		<pose>Unspecified</pose>
		<truncated>0</truncated>
		<difficult>0</difficult>
		<bndbox>
			<xmin>286</xmin>
			<ymin>263</ymin>
			<xmax>309</xmax>
			<ymax>285</ymax>
		</bndbox>
	</object>
	<object>
		<name>Screw holes</name>
		<pose>Unspecified</pose>
		<truncated>0</truncated>
		<difficult>0</difficult>
		<bndbox>
			<xmin>434</xmin>
			<ymin>253</ymin>
			<xmax>459</xmax>
			<ymax>278</ymax>
		</bndbox>
	</object>
</annotation>
