<annotation>
	<folder>train_images</folder>
	<filename>0066.jpg</filename>
	<path>D:\新建文件夹\train_images\0066.jpg</path>
	<source>
		<database>Unknown</database>
	</source>
	<size>
		<width>640</width>
		<height>480</height>
		<depth>3</depth>
	</size>
	<segmented>0</segmented>
	<object>
		<name>Screw holes</name>
		<pose>Unspecified</pose>
		<truncated>0</truncated>
		<difficult>0</difficult>
		<bndbox>
			<xmin>171</xmin>
			<ymin>273</ymin>
			<xmax>202</xmax>
			<ymax>303</ymax>
		</bndbox>
	</object>
	<object>
		<name>Screw holes</name>
		<pose>Unspecified</pose>
		<truncated>0</truncated>
		<difficult>0</difficult>
		<bndbox>
			<xmin>368</xmin>
			<ymin>262</ymin>
			<xmax>404</xmax>
			<ymax>298</ymax>
		</bndbox>
	</object>
</annotation>
