<annotation>
	<folder>train_images</folder>
	<filename>0068.jpg</filename>
	<path>D:\新建文件夹\train_images\0068.jpg</path>
	<source>
		<database>Unknown</database>
	</source>
	<size>
		<width>640</width>
		<height>480</height>
		<depth>3</depth>
	</size>
	<segmented>0</segmented>
	<object>
		<name>Screw holes</name>
		<pose>Unspecified</pose>
		<truncated>0</truncated>
		<difficult>0</difficult>
		<bndbox>
			<xmin>181</xmin>
			<ymin>118</ymin>
			<xmax>212</xmax>
			<ymax>147</ymax>
		</bndbox>
	</object>
	<object>
		<name>Screw holes</name>
		<pose>Unspecified</pose>
		<truncated>0</truncated>
		<difficult>0</difficult>
		<bndbox>
			<xmin>397</xmin>
			<ymin>137</ymin>
			<xmax>433</xmax>
			<ymax>169</ymax>
		</bndbox>
	</object>
</annotation>
