<annotation>
	<folder>train_images</folder>
	<filename>0069.jpg</filename>
	<path>D:\新建文件夹\train_images\0069.jpg</path>
	<source>
		<database>Unknown</database>
	</source>
	<size>
		<width>640</width>
		<height>480</height>
		<depth>3</depth>
	</size>
	<segmented>0</segmented>
	<object>
		<name>Screw holes</name>
		<pose>Unspecified</pose>
		<truncated>0</truncated>
		<difficult>0</difficult>
		<bndbox>
			<xmin>178</xmin>
			<ymin>113</ymin>
			<xmax>206</xmax>
			<ymax>140</ymax>
		</bndbox>
	</object>
	<object>
		<name>Screw holes</name>
		<pose>Unspecified</pose>
		<truncated>0</truncated>
		<difficult>0</difficult>
		<bndbox>
			<xmin>372</xmin>
			<ymin>125</ymin>
			<xmax>404</xmax>
			<ymax>157</ymax>
		</bndbox>
	</object>
</annotation>
