<annotation>
	<folder>train_images</folder>
	<filename>0071.jpg</filename>
	<path>D:\新建文件夹\train_images\0071.jpg</path>
	<source>
		<database>Unknown</database>
	</source>
	<size>
		<width>640</width>
		<height>480</height>
		<depth>3</depth>
	</size>
	<segmented>0</segmented>
	<object>
		<name>Screw holes</name>
		<pose>Unspecified</pose>
		<truncated>0</truncated>
		<difficult>0</difficult>
		<bndbox>
			<xmin>179</xmin>
			<ymin>80</ymin>
			<xmax>208</xmax>
			<ymax>108</ymax>
		</bndbox>
	</object>
	<object>
		<name>Screw holes</name>
		<pose>Unspecified</pose>
		<truncated>0</truncated>
		<difficult>0</difficult>
		<bndbox>
			<xmin>365</xmin>
			<ymin>92</ymin>
			<xmax>400</xmax>
			<ymax>124</ymax>
		</bndbox>
	</object>
</annotation>
