<annotation>
	<folder>train_images</folder>
	<filename>0072.jpg</filename>
	<path>D:\新建文件夹\train_images\0072.jpg</path>
	<source>
		<database>Unknown</database>
	</source>
	<size>
		<width>640</width>
		<height>480</height>
		<depth>3</depth>
	</size>
	<segmented>0</segmented>
	<object>
		<name>Screw holes</name>
		<pose>Unspecified</pose>
		<truncated>0</truncated>
		<difficult>0</difficult>
		<bndbox>
			<xmin>197</xmin>
			<ymin>83</ymin>
			<xmax>227</xmax>
			<ymax>111</ymax>
		</bndbox>
	</object>
	<object>
		<name>Screw holes</name>
		<pose>Unspecified</pose>
		<truncated>0</truncated>
		<difficult>0</difficult>
		<bndbox>
			<xmin>397</xmin>
			<ymin>96</ymin>
			<xmax>432</xmax>
			<ymax>129</ymax>
		</bndbox>
	</object>
</annotation>
