<annotation>
	<folder>train_images</folder>
	<filename>0073.jpg</filename>
	<path>D:\新建文件夹\train_images\0073.jpg</path>
	<source>
		<database>Unknown</database>
	</source>
	<size>
		<width>640</width>
		<height>480</height>
		<depth>3</depth>
	</size>
	<segmented>0</segmented>
	<object>
		<name>Screw holes</name>
		<pose>Unspecified</pose>
		<truncated>0</truncated>
		<difficult>0</difficult>
		<bndbox>
			<xmin>244</xmin>
			<ymin>152</ymin>
			<xmax>277</xmax>
			<ymax>183</ymax>
		</bndbox>
	</object>
	<object>
		<name>Screw holes</name>
		<pose>Unspecified</pose>
		<truncated>0</truncated>
		<difficult>0</difficult>
		<bndbox>
			<xmin>454</xmin>
			<ymin>169</ymin>
			<xmax>489</xmax>
			<ymax>204</ymax>
		</bndbox>
	</object>
</annotation>
