<annotation>
	<folder>train_images</folder>
	<filename>0074.jpg</filename>
	<path>D:\新建文件夹\train_images\0074.jpg</path>
	<source>
		<database>Unknown</database>
	</source>
	<size>
		<width>640</width>
		<height>480</height>
		<depth>3</depth>
	</size>
	<segmented>0</segmented>
	<object>
		<name>Screw holes</name>
		<pose>Unspecified</pose>
		<truncated>0</truncated>
		<difficult>0</difficult>
		<bndbox>
			<xmin>178</xmin>
			<ymin>143</ymin>
			<xmax>219</xmax>
			<ymax>178</ymax>
		</bndbox>
	</object>
	<object>
		<name>Screw holes</name>
		<pose>Unspecified</pose>
		<truncated>0</truncated>
		<difficult>0</difficult>
		<bndbox>
			<xmin>417</xmin>
			<ymin>151</ymin>
			<xmax>454</xmax>
			<ymax>190</ymax>
		</bndbox>
	</object>
</annotation>
