<annotation>
	<folder>train_images</folder>
	<filename>0075.jpg</filename>
	<path>D:\新建文件夹\train_images\0075.jpg</path>
	<source>
		<database>Unknown</database>
	</source>
	<size>
		<width>640</width>
		<height>480</height>
		<depth>3</depth>
	</size>
	<segmented>0</segmented>
	<object>
		<name>Screw holes</name>
		<pose>Unspecified</pose>
		<truncated>0</truncated>
		<difficult>0</difficult>
		<bndbox>
			<xmin>182</xmin>
			<ymin>117</ymin>
			<xmax>216</xmax>
			<ymax>148</ymax>
		</bndbox>
	</object>
	<object>
		<name>Screw holes</name>
		<pose>Unspecified</pose>
		<truncated>0</truncated>
		<difficult>0</difficult>
		<bndbox>
			<xmin>414</xmin>
			<ymin>123</ymin>
			<xmax>452</xmax>
			<ymax>162</ymax>
		</bndbox>
	</object>
</annotation>
