<annotation>
	<folder>train_images</folder>
	<filename>0076.jpg</filename>
	<path>D:\新建文件夹\train_images\0076.jpg</path>
	<source>
		<database>Unknown</database>
	</source>
	<size>
		<width>640</width>
		<height>480</height>
		<depth>3</depth>
	</size>
	<segmented>0</segmented>
	<object>
		<name>Screw holes</name>
		<pose>Unspecified</pose>
		<truncated>0</truncated>
		<difficult>0</difficult>
		<bndbox>
			<xmin>257</xmin>
			<ymin>107</ymin>
			<xmax>286</xmax>
			<ymax>136</ymax>
		</bndbox>
	</object>
	<object>
		<name>Screw holes</name>
		<pose>Unspecified</pose>
		<truncated>0</truncated>
		<difficult>0</difficult>
		<bndbox>
			<xmin>472</xmin>
			<ymin>122</ymin>
			<xmax>508</xmax>
			<ymax>154</ymax>
		</bndbox>
	</object>
</annotation>
