<annotation>
	<folder>train_images</folder>
	<filename>0077.jpg</filename>
	<path>D:\新建文件夹\train_images\0077.jpg</path>
	<source>
		<database>Unknown</database>
	</source>
	<size>
		<width>640</width>
		<height>480</height>
		<depth>3</depth>
	</size>
	<segmented>0</segmented>
	<object>
		<name>Screw holes</name>
		<pose>Unspecified</pose>
		<truncated>0</truncated>
		<difficult>0</difficult>
		<bndbox>
			<xmin>237</xmin>
			<ymin>142</ymin>
			<xmax>266</xmax>
			<ymax>172</ymax>
		</bndbox>
	</object>
	<object>
		<name>Screw holes</name>
		<pose>Unspecified</pose>
		<truncated>0</truncated>
		<difficult>0</difficult>
		<bndbox>
			<xmin>443</xmin>
			<ymin>155</ymin>
			<xmax>482</xmax>
			<ymax>193</ymax>
		</bndbox>
	</object>
</annotation>
