<annotation>
	<folder>train_images</folder>
	<filename>0078.jpg</filename>
	<path>D:\新建文件夹\train_images\0078.jpg</path>
	<source>
		<database>Unknown</database>
	</source>
	<size>
		<width>640</width>
		<height>480</height>
		<depth>3</depth>
	</size>
	<segmented>0</segmented>
	<object>
		<name>Screw holes</name>
		<pose>Unspecified</pose>
		<truncated>0</truncated>
		<difficult>0</difficult>
		<bndbox>
			<xmin>200</xmin>
			<ymin>121</ymin>
			<xmax>230</xmax>
			<ymax>149</ymax>
		</bndbox>
	</object>
	<object>
		<name>Screw holes</name>
		<pose>Unspecified</pose>
		<truncated>0</truncated>
		<difficult>0</difficult>
		<bndbox>
			<xmin>391</xmin>
			<ymin>135</ymin>
			<xmax>431</xmax>
			<ymax>167</ymax>
		</bndbox>
	</object>
</annotation>
