<annotation>
	<folder>train_images</folder>
	<filename>0079.jpg</filename>
	<path>D:\新建文件夹\train_images\0079.jpg</path>
	<source>
		<database>Unknown</database>
	</source>
	<size>
		<width>640</width>
		<height>480</height>
		<depth>3</depth>
	</size>
	<segmented>0</segmented>
	<object>
		<name>Screw holes</name>
		<pose>Unspecified</pose>
		<truncated>0</truncated>
		<difficult>0</difficult>
		<bndbox>
			<xmin>234</xmin>
			<ymin>138</ymin>
			<xmax>271</xmax>
			<ymax>170</ymax>
		</bndbox>
	</object>
	<object>
		<name>Screw holes</name>
		<pose>Unspecified</pose>
		<truncated>0</truncated>
		<difficult>0</difficult>
		<bndbox>
			<xmin>444</xmin>
			<ymin>155</ymin>
			<xmax>490</xmax>
			<ymax>189</ymax>
		</bndbox>
	</object>
</annotation>
