<annotation>
	<folder>train_images</folder>
	<filename>0080.jpg</filename>
	<path>D:\新建文件夹\train_images\0080.jpg</path>
	<source>
		<database>Unknown</database>
	</source>
	<size>
		<width>640</width>
		<height>480</height>
		<depth>3</depth>
	</size>
	<segmented>0</segmented>
	<object>
		<name>Screw holes</name>
		<pose>Unspecified</pose>
		<truncated>0</truncated>
		<difficult>0</difficult>
		<bndbox>
			<xmin>266</xmin>
			<ymin>88</ymin>
			<xmax>297</xmax>
			<ymax>120</ymax>
		</bndbox>
	</object>
	<object>
		<name>Screw holes</name>
		<pose>Unspecified</pose>
		<truncated>0</truncated>
		<difficult>0</difficult>
		<bndbox>
			<xmin>473</xmin>
			<ymin>100</ymin>
			<xmax>511</xmax>
			<ymax>137</ymax>
		</bndbox>
	</object>
</annotation>
