<annotation>
	<folder>train_images</folder>
	<filename>0081.jpg</filename>
	<path>D:\新建文件夹\train_images\0081.jpg</path>
	<source>
		<database>Unknown</database>
	</source>
	<size>
		<width>640</width>
		<height>480</height>
		<depth>3</depth>
	</size>
	<segmented>0</segmented>
	<object>
		<name>Screw holes</name>
		<pose>Unspecified</pose>
		<truncated>0</truncated>
		<difficult>0</difficult>
		<bndbox>
			<xmin>236</xmin>
			<ymin>94</ymin>
			<xmax>265</xmax>
			<ymax>125</ymax>
		</bndbox>
	</object>
	<object>
		<name>Screw holes</name>
		<pose>Unspecified</pose>
		<truncated>0</truncated>
		<difficult>0</difficult>
		<bndbox>
			<xmin>439</xmin>
			<ymin>109</ymin>
			<xmax>476</xmax>
			<ymax>140</ymax>
		</bndbox>
	</object>
</annotation>
