<annotation>
	<folder>train_images</folder>
	<filename>0082.jpg</filename>
	<path>D:\新建文件夹\train_images\0082.jpg</path>
	<source>
		<database>Unknown</database>
	</source>
	<size>
		<width>640</width>
		<height>480</height>
		<depth>3</depth>
	</size>
	<segmented>0</segmented>
	<object>
		<name>Screw holes</name>
		<pose>Unspecified</pose>
		<truncated>0</truncated>
		<difficult>0</difficult>
		<bndbox>
			<xmin>240</xmin>
			<ymin>147</ymin>
			<xmax>275</xmax>
			<ymax>181</ymax>
		</bndbox>
	</object>
	<object>
		<name>Screw holes</name>
		<pose>Unspecified</pose>
		<truncated>0</truncated>
		<difficult>0</difficult>
		<bndbox>
			<xmin>448</xmin>
			<ymin>167</ymin>
			<xmax>485</xmax>
			<ymax>201</ymax>
		</bndbox>
	</object>
</annotation>
