<annotation>
	<folder>train_images</folder>
	<filename>0083.jpg</filename>
	<path>D:\新建文件夹\train_images\0083.jpg</path>
	<source>
		<database>Unknown</database>
	</source>
	<size>
		<width>640</width>
		<height>480</height>
		<depth>3</depth>
	</size>
	<segmented>0</segmented>
	<object>
		<name>Screw holes</name>
		<pose>Unspecified</pose>
		<truncated>0</truncated>
		<difficult>0</difficult>
		<bndbox>
			<xmin>239</xmin>
			<ymin>142</ymin>
			<xmax>267</xmax>
			<ymax>168</ymax>
		</bndbox>
	</object>
	<object>
		<name>Screw holes</name>
		<pose>Unspecified</pose>
		<truncated>0</truncated>
		<difficult>0</difficult>
		<bndbox>
			<xmin>445</xmin>
			<ymin>154</ymin>
			<xmax>483</xmax>
			<ymax>193</ymax>
		</bndbox>
	</object>
</annotation>
