<annotation>
	<folder>train_images</folder>
	<filename>0084.jpg</filename>
	<path>D:\新建文件夹\train_images\0084.jpg</path>
	<source>
		<database>Unknown</database>
	</source>
	<size>
		<width>640</width>
		<height>480</height>
		<depth>3</depth>
	</size>
	<segmented>0</segmented>
	<object>
		<name>Screw holes</name>
		<pose>Unspecified</pose>
		<truncated>0</truncated>
		<difficult>0</difficult>
		<bndbox>
			<xmin>244</xmin>
			<ymin>148</ymin>
			<xmax>275</xmax>
			<ymax>179</ymax>
		</bndbox>
	</object>
	<object>
		<name>Screw holes</name>
		<pose>Unspecified</pose>
		<truncated>0</truncated>
		<difficult>0</difficult>
		<bndbox>
			<xmin>447</xmin>
			<ymin>162</ymin>
			<xmax>486</xmax>
			<ymax>202</ymax>
		</bndbox>
	</object>
</annotation>
