<annotation>
	<folder>train_images</folder>
	<filename>0085.jpg</filename>
	<path>D:\新建文件夹\train_images\0085.jpg</path>
	<source>
		<database>Unknown</database>
	</source>
	<size>
		<width>640</width>
		<height>480</height>
		<depth>3</depth>
	</size>
	<segmented>0</segmented>
	<object>
		<name>Screw holes</name>
		<pose>Unspecified</pose>
		<truncated>0</truncated>
		<difficult>0</difficult>
		<bndbox>
			<xmin>242</xmin>
			<ymin>152</ymin>
			<xmax>270</xmax>
			<ymax>183</ymax>
		</bndbox>
	</object>
	<object>
		<name>Screw holes</name>
		<pose>Unspecified</pose>
		<truncated>0</truncated>
		<difficult>0</difficult>
		<bndbox>
			<xmin>445</xmin>
			<ymin>166</ymin>
			<xmax>480</xmax>
			<ymax>206</ymax>
		</bndbox>
	</object>
</annotation>
