<annotation>
	<folder>train_images</folder>
	<filename>0086.jpg</filename>
	<path>D:\新建文件夹\train_images\0086.jpg</path>
	<source>
		<database>Unknown</database>
	</source>
	<size>
		<width>640</width>
		<height>480</height>
		<depth>3</depth>
	</size>
	<segmented>0</segmented>
	<object>
		<name>Screw holes</name>
		<pose>Unspecified</pose>
		<truncated>0</truncated>
		<difficult>0</difficult>
		<bndbox>
			<xmin>263</xmin>
			<ymin>91</ymin>
			<xmax>296</xmax>
			<ymax>125</ymax>
		</bndbox>
	</object>
	<object>
		<name>Screw holes</name>
		<pose>Unspecified</pose>
		<truncated>0</truncated>
		<difficult>0</difficult>
		<bndbox>
			<xmin>487</xmin>
			<ymin>102</ymin>
			<xmax>527</xmax>
			<ymax>140</ymax>
		</bndbox>
	</object>
</annotation>
