<annotation>
	<folder>train_images</folder>
	<filename>0087.jpg</filename>
	<path>D:\新建文件夹\train_images\0087.jpg</path>
	<source>
		<database>Unknown</database>
	</source>
	<size>
		<width>640</width>
		<height>480</height>
		<depth>3</depth>
	</size>
	<segmented>0</segmented>
	<object>
		<name>Screw holes</name>
		<pose>Unspecified</pose>
		<truncated>0</truncated>
		<difficult>0</difficult>
		<bndbox>
			<xmin>267</xmin>
			<ymin>86</ymin>
			<xmax>304</xmax>
			<ymax>120</ymax>
		</bndbox>
	</object>
	<object>
		<name>Screw holes</name>
		<pose>Unspecified</pose>
		<truncated>0</truncated>
		<difficult>0</difficult>
		<bndbox>
			<xmin>500</xmin>
			<ymin>97</ymin>
			<xmax>546</xmax>
			<ymax>142</ymax>
		</bndbox>
	</object>
</annotation>
