<annotation>
	<folder>train_images</folder>
	<filename>0088.jpg</filename>
	<path>D:\新建文件夹\train_images\0088.jpg</path>
	<source>
		<database>Unknown</database>
	</source>
	<size>
		<width>640</width>
		<height>480</height>
		<depth>3</depth>
	</size>
	<segmented>0</segmented>
	<object>
		<name>Screw holes</name>
		<pose>Unspecified</pose>
		<truncated>0</truncated>
		<difficult>0</difficult>
		<bndbox>
			<xmin>177</xmin>
			<ymin>124</ymin>
			<xmax>212</xmax>
			<ymax>157</ymax>
		</bndbox>
	</object>
	<object>
		<name>Screw holes</name>
		<pose>Unspecified</pose>
		<truncated>0</truncated>
		<difficult>0</difficult>
		<bndbox>
			<xmin>402</xmin>
			<ymin>135</ymin>
			<xmax>441</xmax>
			<ymax>171</ymax>
		</bndbox>
	</object>
</annotation>
