<annotation>
	<folder>train_images</folder>
	<filename>0089.jpg</filename>
	<path>D:\新建文件夹\train_images\0089.jpg</path>
	<source>
		<database>Unknown</database>
	</source>
	<size>
		<width>640</width>
		<height>480</height>
		<depth>3</depth>
	</size>
	<segmented>0</segmented>
	<object>
		<name>Screw holes</name>
		<pose>Unspecified</pose>
		<truncated>0</truncated>
		<difficult>0</difficult>
		<bndbox>
			<xmin>276</xmin>
			<ymin>82</ymin>
			<xmax>311</xmax>
			<ymax>116</ymax>
		</bndbox>
	</object>
	<object>
		<name>Screw holes</name>
		<pose>Unspecified</pose>
		<truncated>0</truncated>
		<difficult>0</difficult>
		<bndbox>
			<xmin>501</xmin>
			<ymin>94</ymin>
			<xmax>540</xmax>
			<ymax>133</ymax>
		</bndbox>
	</object>
</annotation>
