<annotation>
	<folder>train_images</folder>
	<filename>0090.jpg</filename>
	<path>D:\新建文件夹\train_images\0090.jpg</path>
	<source>
		<database>Unknown</database>
	</source>
	<size>
		<width>640</width>
		<height>480</height>
		<depth>3</depth>
	</size>
	<segmented>0</segmented>
	<object>
		<name>Screw holes</name>
		<pose>Unspecified</pose>
		<truncated>0</truncated>
		<difficult>0</difficult>
		<bndbox>
			<xmin>212</xmin>
			<ymin>123</ymin>
			<xmax>245</xmax>
			<ymax>153</ymax>
		</bndbox>
	</object>
	<object>
		<name>Screw holes</name>
		<pose>Unspecified</pose>
		<truncated>0</truncated>
		<difficult>0</difficult>
		<bndbox>
			<xmin>404</xmin>
			<ymin>137</ymin>
			<xmax>443</xmax>
			<ymax>171</ymax>
		</bndbox>
	</object>
</annotation>
