<annotation>
	<folder>video</folder>
	<filename>0093.jpg</filename>
	<path>D:\新建文件夹\video\0093.jpg</path>
	<source>
		<database>Unknown</database>
	</source>
	<size>
		<width>640</width>
		<height>480</height>
		<depth>3</depth>
	</size>
	<segmented>0</segmented>
	<object>
		<name>Screw holes</name>
		<pose>Unspecified</pose>
		<truncated>0</truncated>
		<difficult>0</difficult>
		<bndbox>
			<xmin>323</xmin>
			<ymin>213</ymin>
			<xmax>350</xmax>
			<ymax>238</ymax>
		</bndbox>
	</object>
	<object>
		<name>Screw holes</name>
		<pose>Unspecified</pose>
		<truncated>0</truncated>
		<difficult>0</difficult>
		<bndbox>
			<xmin>492</xmin>
			<ymin>156</ymin>
			<xmax>522</xmax>
			<ymax>190</ymax>
		</bndbox>
	</object>
</annotation>
