<annotation>
	<folder>video</folder>
	<filename>0102.jpg</filename>
	<path>D:\新建文件夹\video\0102.jpg</path>
	<source>
		<database>Unknown</database>
	</source>
	<size>
		<width>640</width>
		<height>480</height>
		<depth>3</depth>
	</size>
	<segmented>0</segmented>
	<object>
		<name>Multimeter</name>
		<pose>Unspecified</pose>
		<truncated>0</truncated>
		<difficult>0</difficult>
		<bndbox>
			<xmin>168</xmin>
			<ymin>124</ymin>
			<xmax>309</xmax>
			<ymax>351</ymax>
		</bndbox>
	</object>
	<object>
		<name>Screw holes</name>
		<pose>Unspecified</pose>
		<truncated>0</truncated>
		<difficult>0</difficult>
		<bndbox>
			<xmin>201</xmin>
			<ymin>329</ymin>
			<xmax>218</xmax>
			<ymax>346</ymax>
		</bndbox>
	</object>
	<object>
		<name>Screw holes</name>
		<pose>Unspecified</pose>
		<truncated>0</truncated>
		<difficult>0</difficult>
		<bndbox>
			<xmin>283</xmin>
			<ymin>318</ymin>
			<xmax>296</xmax>
			<ymax>329</ymax>
		</bndbox>
	</object>
</annotation>
