<annotation>
	<folder>video</folder>
	<filename>0107.jpg</filename>
	<path>D:\新建文件夹\video\0107.jpg</path>
	<source>
		<database>Unknown</database>
	</source>
	<size>
		<width>640</width>
		<height>480</height>
		<depth>3</depth>
	</size>
	<segmented>0</segmented>
	<object>
		<name>Screw holes</name>
		<pose>Unspecified</pose>
		<truncated>0</truncated>
		<difficult>0</difficult>
		<bndbox>
			<xmin>253</xmin>
			<ymin>364</ymin>
			<xmax>282</xmax>
			<ymax>393</ymax>
		</bndbox>
	</object>
	<object>
		<name>Screw holes</name>
		<pose>Unspecified</pose>
		<truncated>0</truncated>
		<difficult>0</difficult>
		<bndbox>
			<xmin>424</xmin>
			<ymin>348</ymin>
			<xmax>451</xmax>
			<ymax>372</ymax>
		</bndbox>
	</object>
</annotation>
