<annotation>
	<folder>video</folder>
	<filename>0108.jpg</filename>
	<path>D:\新建文件夹\video\0108.jpg</path>
	<source>
		<database>Unknown</database>
	</source>
	<size>
		<width>640</width>
		<height>480</height>
		<depth>3</depth>
	</size>
	<segmented>0</segmented>
	<object>
		<name>Screw holes</name>
		<pose>Unspecified</pose>
		<truncated>0</truncated>
		<difficult>0</difficult>
		<bndbox>
			<xmin>260</xmin>
			<ymin>361</ymin>
			<xmax>290</xmax>
			<ymax>389</ymax>
		</bndbox>
	</object>
	<object>
		<name>Screw holes</name>
		<pose>Unspecified</pose>
		<truncated>0</truncated>
		<difficult>0</difficult>
		<bndbox>
			<xmin>424</xmin>
			<ymin>347</ymin>
			<xmax>452</xmax>
			<ymax>370</ymax>
		</bndbox>
	</object>
</annotation>
