<annotation>
	<folder>video</folder>
	<filename>0109.jpg</filename>
	<path>D:\新建文件夹\video\0109.jpg</path>
	<source>
		<database>Unknown</database>
	</source>
	<size>
		<width>640</width>
		<height>480</height>
		<depth>3</depth>
	</size>
	<segmented>0</segmented>
	<object>
		<name>Screw holes</name>
		<pose>Unspecified</pose>
		<truncated>0</truncated>
		<difficult>0</difficult>
		<bndbox>
			<xmin>261</xmin>
			<ymin>389</ymin>
			<xmax>286</xmax>
			<ymax>413</ymax>
		</bndbox>
	</object>
	<object>
		<name>Screw holes</name>
		<pose>Unspecified</pose>
		<truncated>0</truncated>
		<difficult>0</difficult>
		<bndbox>
			<xmin>426</xmin>
			<ymin>370</ymin>
			<xmax>448</xmax>
			<ymax>392</ymax>
		</bndbox>
	</object>
	<object>
		<name>Multimeter</name>
		<pose>Unspecified</pose>
		<truncated>0</truncated>
		<difficult>0</difficult>
		<bndbox>
			<xmin>191</xmin>
			<ymin>60</ymin>
			<xmax>478</xmax>
			<ymax>419</ymax>
		</bndbox>
	</object>
</annotation>
