<annotation>
	<folder>video</folder>
	<filename>0114.jpg</filename>
	<path>D:\新建文件夹\video\0114.jpg</path>
	<source>
		<database>Unknown</database>
	</source>
	<size>
		<width>640</width>
		<height>480</height>
		<depth>3</depth>
	</size>
	<segmented>0</segmented>
	<object>
		<name>Screw holes</name>
		<pose>Unspecified</pose>
		<truncated>0</truncated>
		<difficult>0</difficult>
		<bndbox>
			<xmin>347</xmin>
			<ymin>146</ymin>
			<xmax>371</xmax>
			<ymax>166</ymax>
		</bndbox>
	</object>
	<object>
		<name>Screw holes</name>
		<pose>Unspecified</pose>
		<truncated>0</truncated>
		<difficult>0</difficult>
		<bndbox>
			<xmin>507</xmin>
			<ymin>92</ymin>
			<xmax>535</xmax>
			<ymax>115</ymax>
		</bndbox>
	</object>
</annotation>
