<annotation>
	<folder>video</folder>
	<filename>0120.jpg</filename>
	<path>D:\新建文件夹\video\0120.jpg</path>
	<source>
		<database>Unknown</database>
	</source>
	<size>
		<width>640</width>
		<height>480</height>
		<depth>3</depth>
	</size>
	<segmented>0</segmented>
	<object>
		<name>Multimeter</name>
		<pose>Unspecified</pose>
		<truncated>0</truncated>
		<difficult>0</difficult>
		<bndbox>
			<xmin>149</xmin>
			<ymin>130</ymin>
			<xmax>401</xmax>
			<ymax>297</ymax>
		</bndbox>
	</object>
	<object>
		<name>Screw holes</name>
		<pose>Unspecified</pose>
		<truncated>0</truncated>
		<difficult>0</difficult>
		<bndbox>
			<xmin>155</xmin>
			<ymin>212</ymin>
			<xmax>169</xmax>
			<ymax>225</ymax>
		</bndbox>
	</object>
</annotation>
