<annotation>
	<folder>video</folder>
	<filename>0123.jpg</filename>
	<path>D:\新建文件夹\video\0123.jpg</path>
	<source>
		<database>Unknown</database>
	</source>
	<size>
		<width>640</width>
		<height>480</height>
		<depth>3</depth>
	</size>
	<segmented>0</segmented>
	<object>
		<name>Screw holes</name>
		<pose>Unspecified</pose>
		<truncated>0</truncated>
		<difficult>0</difficult>
		<bndbox>
			<xmin>287</xmin>
			<ymin>374</ymin>
			<xmax>328</xmax>
			<ymax>409</ymax>
		</bndbox>
	</object>
	<object>
		<name>Screw holes</name>
		<pose>Unspecified</pose>
		<truncated>0</truncated>
		<difficult>0</difficult>
		<bndbox>
			<xmin>509</xmin>
			<ymin>324</ymin>
			<xmax>538</xmax>
			<ymax>356</ymax>
		</bndbox>
	</object>
</annotation>
