<annotation>
	<folder>video</folder>
	<filename>0124.jpg</filename>
	<path>D:\新建文件夹\video\0124.jpg</path>
	<source>
		<database>Unknown</database>
	</source>
	<size>
		<width>640</width>
		<height>480</height>
		<depth>3</depth>
	</size>
	<segmented>0</segmented>
	<object>
		<name>Multimeter</name>
		<pose>Unspecified</pose>
		<truncated>0</truncated>
		<difficult>0</difficult>
		<bndbox>
			<xmin>94</xmin>
			<ymin>75</ymin>
			<xmax>357</xmax>
			<ymax>247</ymax>
		</bndbox>
	</object>
	<object>
		<name>Screw holes</name>
		<pose>Unspecified</pose>
		<truncated>0</truncated>
		<difficult>0</difficult>
		<bndbox>
			<xmin>103</xmin>
			<ymin>151</ymin>
			<xmax>116</xmax>
			<ymax>166</ymax>
		</bndbox>
	</object>
</annotation>
