<annotation>
	<folder>video</folder>
	<filename>0125.jpg</filename>
	<path>D:\新建文件夹\video\0125.jpg</path>
	<source>
		<database>Unknown</database>
	</source>
	<size>
		<width>640</width>
		<height>480</height>
		<depth>3</depth>
	</size>
	<segmented>0</segmented>
	<object>
		<name>Multimeter</name>
		<pose>Unspecified</pose>
		<truncated>0</truncated>
		<difficult>0</difficult>
		<bndbox>
			<xmin>100</xmin>
			<ymin>83</ymin>
			<xmax>357</xmax>
			<ymax>257</ymax>
		</bndbox>
	</object>
	<object>
		<name>Screw holes</name>
		<pose>Unspecified</pose>
		<truncated>0</truncated>
		<difficult>0</difficult>
		<bndbox>
			<xmin>110</xmin>
			<ymin>156</ymin>
			<xmax>124</xmax>
			<ymax>171</ymax>
		</bndbox>
	</object>
</annotation>
