<annotation>
	<folder>video</folder>
	<filename>0129.jpg</filename>
	<path>D:\新建文件夹\video\0129.jpg</path>
	<source>
		<database>Unknown</database>
	</source>
	<size>
		<width>640</width>
		<height>480</height>
		<depth>3</depth>
	</size>
	<segmented>0</segmented>
	<object>
		<name>Multimeter</name>
		<pose>Unspecified</pose>
		<truncated>0</truncated>
		<difficult>0</difficult>
		<bndbox>
			<xmin>139</xmin>
			<ymin>131</ymin>
			<xmax>367</xmax>
			<ymax>315</ymax>
		</bndbox>
	</object>
	<object>
		<name>Screw holes</name>
		<pose>Unspecified</pose>
		<truncated>0</truncated>
		<difficult>0</difficult>
		<bndbox>
			<xmin>142</xmin>
			<ymin>231</ymin>
			<xmax>155</xmax>
			<ymax>243</ymax>
		</bndbox>
	</object>
	<object>
		<name>Screw holes</name>
		<pose>Unspecified</pose>
		<truncated>0</truncated>
		<difficult>0</difficult>
		<bndbox>
			<xmin>173</xmin>
			<ymin>293</ymin>
			<xmax>185</xmax>
			<ymax>306</ymax>
		</bndbox>
	</object>
</annotation>
