<annotation>
	<folder>video</folder>
	<filename>0131.jpg</filename>
	<path>D:\新建文件夹\video\0131.jpg</path>
	<source>
		<database>Unknown</database>
	</source>
	<size>
		<width>640</width>
		<height>480</height>
		<depth>3</depth>
	</size>
	<segmented>0</segmented>
	<object>
		<name>Screw holes</name>
		<pose>Unspecified</pose>
		<truncated>0</truncated>
		<difficult>0</difficult>
		<bndbox>
			<xmin>200</xmin>
			<ymin>109</ymin>
			<xmax>225</xmax>
			<ymax>135</ymax>
		</bndbox>
	</object>
	<object>
		<name>Screw holes</name>
		<pose>Unspecified</pose>
		<truncated>0</truncated>
		<difficult>0</difficult>
		<bndbox>
			<xmin>350</xmin>
			<ymin>62</ymin>
			<xmax>380</xmax>
			<ymax>86</ymax>
		</bndbox>
	</object>
</annotation>
