<annotation>
	<folder>video</folder>
	<filename>0132.jpg</filename>
	<path>D:\新建文件夹\video\0132.jpg</path>
	<source>
		<database>Unknown</database>
	</source>
	<size>
		<width>640</width>
		<height>480</height>
		<depth>3</depth>
	</size>
	<segmented>0</segmented>
	<object>
		<name>Screw holes</name>
		<pose>Unspecified</pose>
		<truncated>0</truncated>
		<difficult>0</difficult>
		<bndbox>
			<xmin>369</xmin>
			<ymin>110</ymin>
			<xmax>393</xmax>
			<ymax>134</ymax>
		</bndbox>
	</object>
	<object>
		<name>Screw holes</name>
		<pose>Unspecified</pose>
		<truncated>0</truncated>
		<difficult>0</difficult>
		<bndbox>
			<xmin>525</xmin>
			<ymin>58</ymin>
			<xmax>552</xmax>
			<ymax>84</ymax>
		</bndbox>
	</object>
</annotation>
