<annotation>
	<folder>video</folder>
	<filename>0133.jpg</filename>
	<path>D:\新建文件夹\video\0133.jpg</path>
	<source>
		<database>Unknown</database>
	</source>
	<size>
		<width>640</width>
		<height>480</height>
		<depth>3</depth>
	</size>
	<segmented>0</segmented>
	<object>
		<name>Screw holes</name>
		<pose>Unspecified</pose>
		<truncated>0</truncated>
		<difficult>0</difficult>
		<bndbox>
			<xmin>351</xmin>
			<ymin>126</ymin>
			<xmax>376</xmax>
			<ymax>151</ymax>
		</bndbox>
	</object>
	<object>
		<name>Screw holes</name>
		<pose>Unspecified</pose>
		<truncated>0</truncated>
		<difficult>0</difficult>
		<bndbox>
			<xmin>513</xmin>
			<ymin>76</ymin>
			<xmax>539</xmax>
			<ymax>98</ymax>
		</bndbox>
	</object>
</annotation>
