<annotation>
	<folder>video</folder>
	<filename>0134.jpg</filename>
	<path>D:\新建文件夹\video\0134.jpg</path>
	<source>
		<database>Unknown</database>
	</source>
	<size>
		<width>640</width>
		<height>480</height>
		<depth>3</depth>
	</size>
	<segmented>0</segmented>
	<object>
		<name>Screw holes</name>
		<pose>Unspecified</pose>
		<truncated>0</truncated>
		<difficult>0</difficult>
		<bndbox>
			<xmin>219</xmin>
			<ymin>205</ymin>
			<xmax>252</xmax>
			<ymax>236</ymax>
		</bndbox>
	</object>
	<object>
		<name>Screw holes</name>
		<pose>Unspecified</pose>
		<truncated>0</truncated>
		<difficult>0</difficult>
		<bndbox>
			<xmin>389</xmin>
			<ymin>84</ymin>
			<xmax>419</xmax>
			<ymax>116</ymax>
		</bndbox>
	</object>
</annotation>
