<annotation>
	<folder>video</folder>
	<filename>0135.jpg</filename>
	<path>D:\新建文件夹\video\0135.jpg</path>
	<source>
		<database>Unknown</database>
	</source>
	<size>
		<width>640</width>
		<height>480</height>
		<depth>3</depth>
	</size>
	<segmented>0</segmented>
	<object>
		<name>Screw holes</name>
		<pose>Unspecified</pose>
		<truncated>0</truncated>
		<difficult>0</difficult>
		<bndbox>
			<xmin>132</xmin>
			<ymin>260</ymin>
			<xmax>185</xmax>
			<ymax>305</ymax>
		</bndbox>
	</object>
	<object>
		<name>Screw holes</name>
		<pose>Unspecified</pose>
		<truncated>0</truncated>
		<difficult>0</difficult>
		<bndbox>
			<xmin>389</xmin>
			<ymin>369</ymin>
			<xmax>423</xmax>
			<ymax>404</ymax>
		</bndbox>
	</object>
</annotation>
