<annotation>
	<folder>video</folder>
	<filename>0136.jpg</filename>
	<path>D:\新建文件夹\video\0136.jpg</path>
	<source>
		<database>Unknown</database>
	</source>
	<size>
		<width>640</width>
		<height>480</height>
		<depth>3</depth>
	</size>
	<segmented>0</segmented>
	<object>
		<name>Screw holes</name>
		<pose>Unspecified</pose>
		<truncated>0</truncated>
		<difficult>0</difficult>
		<bndbox>
			<xmin>111</xmin>
			<ymin>236</ymin>
			<xmax>161</xmax>
			<ymax>288</ymax>
		</bndbox>
	</object>
	<object>
		<name>Screw holes</name>
		<pose>Unspecified</pose>
		<truncated>0</truncated>
		<difficult>0</difficult>
		<bndbox>
			<xmin>383</xmin>
			<ymin>359</ymin>
			<xmax>417</xmax>
			<ymax>400</ymax>
		</bndbox>
	</object>
</annotation>
