<annotation>
	<folder>video</folder>
	<filename>0137.jpg</filename>
	<path>D:\新建文件夹\video\0137.jpg</path>
	<source>
		<database>Unknown</database>
	</source>
	<size>
		<width>1706</width>
		<height>1279</height>
		<depth>3</depth>
	</size>
	<segmented>0</segmented>
	<object>
		<name>Multimeter</name>
		<pose>Unspecified</pose>
		<truncated>0</truncated>
		<difficult>0</difficult>
		<bndbox>
			<xmin>606</xmin>
			<ymin>371</ymin>
			<xmax>1004</xmax>
			<ymax>649</ymax>
		</bndbox>
	</object>
	<object>
		<name>Screw holes</name>
		<pose>Unspecified</pose>
		<truncated>0</truncated>
		<difficult>0</difficult>
		<bndbox>
			<xmin>672</xmin>
			<ymin>383</ymin>
			<xmax>695</xmax>
			<ymax>414</ymax>
		</bndbox>
	</object>
	<object>
		<name>Screw holes</name>
		<pose>Unspecified</pose>
		<truncated>0</truncated>
		<difficult>0</difficult>
		<bndbox>
			<xmin>649</xmin>
			<ymin>505</ymin>
			<xmax>666</xmax>
			<ymax>524</ymax>
		</bndbox>
	</object>
</annotation>
