<annotation>
	<folder>video</folder>
	<filename>0138.jpg</filename>
	<path>D:\新建文件夹\video\0138.jpg</path>
	<source>
		<database>Unknown</database>
	</source>
	<size>
		<width>640</width>
		<height>480</height>
		<depth>3</depth>
	</size>
	<segmented>0</segmented>
	<object>
		<name>Screw holes</name>
		<pose>Unspecified</pose>
		<truncated>0</truncated>
		<difficult>0</difficult>
		<bndbox>
			<xmin>319</xmin>
			<ymin>194</ymin>
			<xmax>352</xmax>
			<ymax>220</ymax>
		</bndbox>
	</object>
	<object>
		<name>Screw holes</name>
		<pose>Unspecified</pose>
		<truncated>0</truncated>
		<difficult>0</difficult>
		<bndbox>
			<xmin>496</xmin>
			<ymin>139</ymin>
			<xmax>528</xmax>
			<ymax>164</ymax>
		</bndbox>
	</object>
</annotation>
