<annotation>
	<folder>video</folder>
	<filename>0139.jpg</filename>
	<path>D:\新建文件夹\video\0139.jpg</path>
	<source>
		<database>Unknown</database>
	</source>
	<size>
		<width>640</width>
		<height>480</height>
		<depth>3</depth>
	</size>
	<segmented>0</segmented>
	<object>
		<name>Screw holes</name>
		<pose>Unspecified</pose>
		<truncated>0</truncated>
		<difficult>0</difficult>
		<bndbox>
			<xmin>308</xmin>
			<ymin>139</ymin>
			<xmax>337</xmax>
			<ymax>161</ymax>
		</bndbox>
	</object>
	<object>
		<name>Screw holes</name>
		<pose>Unspecified</pose>
		<truncated>0</truncated>
		<difficult>0</difficult>
		<bndbox>
			<xmin>464</xmin>
			<ymin>90</ymin>
			<xmax>495</xmax>
			<ymax>113</ymax>
		</bndbox>
	</object>
</annotation>
