<annotation>
	<folder>video</folder>
	<filename>0140.jpg</filename>
	<path>D:\新建文件夹\video\0140.jpg</path>
	<source>
		<database>Unknown</database>
	</source>
	<size>
		<width>640</width>
		<height>480</height>
		<depth>3</depth>
	</size>
	<segmented>0</segmented>
	<object>
		<name>Screw holes</name>
		<pose>Unspecified</pose>
		<truncated>0</truncated>
		<difficult>0</difficult>
		<bndbox>
			<xmin>285</xmin>
			<ymin>96</ymin>
			<xmax>311</xmax>
			<ymax>121</ymax>
		</bndbox>
	</object>
</annotation>
