<annotation>
	<folder>video</folder>
	<filename>0141.jpg</filename>
	<path>D:\新建文件夹\video\0141.jpg</path>
	<source>
		<database>Unknown</database>
	</source>
	<size>
		<width>640</width>
		<height>480</height>
		<depth>3</depth>
	</size>
	<segmented>0</segmented>
	<object>
		<name>Screw holes</name>
		<pose>Unspecified</pose>
		<truncated>0</truncated>
		<difficult>0</difficult>
		<bndbox>
			<xmin>286</xmin>
			<ymin>100</ymin>
			<xmax>314</xmax>
			<ymax>128</ymax>
		</bndbox>
	</object>
	<object>
		<name>Screw holes</name>
		<pose>Unspecified</pose>
		<truncated>0</truncated>
		<difficult>0</difficult>
		<bndbox>
			<xmin>449</xmin>
			<ymin>59</ymin>
			<xmax>473</xmax>
			<ymax>82</ymax>
		</bndbox>
	</object>
</annotation>
