<annotation>
	<folder>video</folder>
	<filename>0142.jpg</filename>
	<path>D:\新建文件夹\video\0142.jpg</path>
	<source>
		<database>Unknown</database>
	</source>
	<size>
		<width>640</width>
		<height>480</height>
		<depth>3</depth>
	</size>
	<segmented>0</segmented>
	<object>
		<name>Screw holes</name>
		<pose>Unspecified</pose>
		<truncated>0</truncated>
		<difficult>0</difficult>
		<bndbox>
			<xmin>279</xmin>
			<ymin>102</ymin>
			<xmax>306</xmax>
			<ymax>124</ymax>
		</bndbox>
	</object>
	<object>
		<name>Screw holes</name>
		<pose>Unspecified</pose>
		<truncated>0</truncated>
		<difficult>0</difficult>
		<bndbox>
			<xmin>442</xmin>
			<ymin>59</ymin>
			<xmax>470</xmax>
			<ymax>81</ymax>
		</bndbox>
	</object>
</annotation>
