<annotation>
	<folder>video</folder>
	<filename>0144.jpg</filename>
	<path>D:\新建文件夹\video\0144.jpg</path>
	<source>
		<database>Unknown</database>
	</source>
	<size>
		<width>1279</width>
		<height>1706</height>
		<depth>3</depth>
	</size>
	<segmented>0</segmented>
	<object>
		<name>Multimeter</name>
		<pose>Unspecified</pose>
		<truncated>1</truncated>
		<difficult>0</difficult>
		<bndbox>
			<xmin>1</xmin>
			<ymin>287</ymin>
			<xmax>1198</xmax>
			<ymax>1171</ymax>
		</bndbox>
	</object>
</annotation>
