<annotation>
	<folder>video</folder>
	<filename>0145.jpg</filename>
	<path>D:\新建文件夹\video\0145.jpg</path>
	<source>
		<database>Unknown</database>
	</source>
	<size>
		<width>640</width>
		<height>480</height>
		<depth>3</depth>
	</size>
	<segmented>0</segmented>
	<object>
		<name>Screw holes</name>
		<pose>Unspecified</pose>
		<truncated>0</truncated>
		<difficult>0</difficult>
		<bndbox>
			<xmin>53</xmin>
			<ymin>276</ymin>
			<xmax>91</xmax>
			<ymax>311</ymax>
		</bndbox>
	</object>
	<object>
		<name>Screw holes</name>
		<pose>Unspecified</pose>
		<truncated>0</truncated>
		<difficult>0</difficult>
		<bndbox>
			<xmin>252</xmin>
			<ymin>352</ymin>
			<xmax>282</xmax>
			<ymax>383</ymax>
		</bndbox>
	</object>
</annotation>
