<annotation>
	<folder>video</folder>
	<filename>0147.jpg</filename>
	<path>D:\新建文件夹\video\0147.jpg</path>
	<source>
		<database>Unknown</database>
	</source>
	<size>
		<width>640</width>
		<height>480</height>
		<depth>3</depth>
	</size>
	<segmented>0</segmented>
	<object>
		<name>Screw holes</name>
		<pose>Unspecified</pose>
		<truncated>0</truncated>
		<difficult>0</difficult>
		<bndbox>
			<xmin>39</xmin>
			<ymin>190</ymin>
			<xmax>78</xmax>
			<ymax>227</ymax>
		</bndbox>
	</object>
	<object>
		<name>Screw holes</name>
		<pose>Unspecified</pose>
		<truncated>0</truncated>
		<difficult>0</difficult>
		<bndbox>
			<xmin>263</xmin>
			<ymin>290</ymin>
			<xmax>286</xmax>
			<ymax>317</ymax>
		</bndbox>
	</object>
</annotation>
