<annotation>
	<folder>video</folder>
	<filename>0151.jpg</filename>
	<path>D:\新建文件夹\video\0151.jpg</path>
	<source>
		<database>Unknown</database>
	</source>
	<size>
		<width>1706</width>
		<height>1279</height>
		<depth>3</depth>
	</size>
	<segmented>0</segmented>
	<object>
		<name>Multimeter</name>
		<pose>Unspecified</pose>
		<truncated>0</truncated>
		<difficult>0</difficult>
		<bndbox>
			<xmin>566</xmin>
			<ymin>498</ymin>
			<xmax>928</xmax>
			<ymax>843</ymax>
		</bndbox>
	</object>
</annotation>
