<annotation>
	<folder>video</folder>
	<filename>0157.jpg</filename>
	<path>D:\新建文件夹\video\0157.jpg</path>
	<source>
		<database>Unknown</database>
	</source>
	<size>
		<width>1279</width>
		<height>1706</height>
		<depth>3</depth>
	</size>
	<segmented>0</segmented>
	<object>
		<name>Multimeter</name>
		<pose>Unspecified</pose>
		<truncated>1</truncated>
		<difficult>0</difficult>
		<bndbox>
			<xmin>1</xmin>
			<ymin>495</ymin>
			<xmax>1276</xmax>
			<ymax>1400</ymax>
		</bndbox>
	</object>
	<object>
		<name>Screw holes</name>
		<pose>Unspecified</pose>
		<truncated>0</truncated>
		<difficult>0</difficult>
		<bndbox>
			<xmin>1098</xmin>
			<ymin>560</ymin>
			<xmax>1163</xmax>
			<ymax>620</ymax>
		</bndbox>
	</object>
	<object>
		<name>Screw holes</name>
		<pose>Unspecified</pose>
		<truncated>0</truncated>
		<difficult>0</difficult>
		<bndbox>
			<xmin>1203</xmin>
			<ymin>944</ymin>
			<xmax>1261</xmax>
			<ymax>1000</ymax>
		</bndbox>
	</object>
</annotation>
