<annotation>
	<folder>video</folder>
	<filename>0161.jpg</filename>
	<path>D:\新建文件夹\video\0161.jpg</path>
	<source>
		<database>Unknown</database>
	</source>
	<size>
		<width>1706</width>
		<height>1279</height>
		<depth>3</depth>
	</size>
	<segmented>0</segmented>
	<object>
		<name>Multimeter</name>
		<pose>Unspecified</pose>
		<truncated>0</truncated>
		<difficult>0</difficult>
		<bndbox>
			<xmin>406</xmin>
			<ymin>241</ymin>
			<xmax>1308</xmax>
			<ymax>862</ymax>
		</bndbox>
	</object>
</annotation>
