<annotation>
	<folder>video</folder>
	<filename>0163.jpg</filename>
	<path>D:\新建文件夹\video\0163.jpg</path>
	<source>
		<database>Unknown</database>
	</source>
	<size>
		<width>1279</width>
		<height>1706</height>
		<depth>3</depth>
	</size>
	<segmented>0</segmented>
	<object>
		<name>Multimeter</name>
		<pose>Unspecified</pose>
		<truncated>0</truncated>
		<difficult>0</difficult>
		<bndbox>
			<xmin>261</xmin>
			<ymin>389</ymin>
			<xmax>1003</xmax>
			<ymax>1422</ymax>
		</bndbox>
	</object>
</annotation>
