<annotation>
	<folder>video</folder>
	<filename>108.jpg</filename>
	<path>D:\新建文件夹\video\108.jpg</path>
	<source>
		<database>Unknown</database>
	</source>
	<size>
		<width>640</width>
		<height>480</height>
		<depth>3</depth>
	</size>
	<segmented>0</segmented>
	<object>
		<name>Screw holes</name>
		<pose>Unspecified</pose>
		<truncated>0</truncated>
		<difficult>0</difficult>
		<bndbox>
			<xmin>56</xmin>
			<ymin>241</ymin>
			<xmax>82</xmax>
			<ymax>267</ymax>
		</bndbox>
	</object>
	<object>
		<name>Screw holes</name>
		<pose>Unspecified</pose>
		<truncated>0</truncated>
		<difficult>0</difficult>
		<bndbox>
			<xmin>69</xmin>
			<ymin>402</ymin>
			<xmax>93</xmax>
			<ymax>420</ymax>
		</bndbox>
	</object>
	<object>
		<name>Multimeter</name>
		<pose>Unspecified</pose>
		<truncated>0</truncated>
		<difficult>0</difficult>
		<bndbox>
			<xmin>36</xmin>
			<ymin>169</ymin>
			<xmax>551</xmax>
			<ymax>421</ymax>
		</bndbox>
	</object>
</annotation>
